<?xml version="1.0"?>
<!--<!DOCTYPE metadata SYSTEM "http://www.esri.com/metadata/esriprof80.dtd">-->
<metadata xml:lang="es"><Esri><CreaDate>20180702</CreaDate><CreaTime>23121200</CreaTime><SyncOnce>TRUE</SyncOnce><DataProperties><lineage><Process Name="Create Feature Class" ToolSource="C:\ArcGIS\ArcToolbox\Toolboxes\Data Management Tools.tbx\CreateFeatureclass" Date="20080220" Time="132717">CreateFeatureclass D:\Proyecto_Lerma2007\Informacion_espacial\ArcHydro_Lerma\ArcHydroLerma.mdb\ArcHydro HydroJunction # WrapJunction_Layer SAME_AS_TEMPLATE SAME_AS_TEMPLATE "PROJCS['Custom',GEOGCS['Datum ITRF_1992',DATUM['D_ITRF_1992',SPHEROID['GRS_1980',6378137.0,298.257222101]],PRIMEM['Greenwich',0.0],UNIT['Degree',0.0174532925199433]],PROJECTION['Lambert_Conformal_Conic'],PARAMETER['False_Easting',2500000.0],PARAMETER['False_Northing',0.0],PARAMETER['Central_Meridian',-102.0],PARAMETER['Standard_Parallel_1',17.5],PARAMETER['Standard_Parallel_2',29.5],PARAMETER['Central_Parallel',12.0],UNIT['Meter',1.0]];1467259.616444 -176515.230822 976.562499;0.000000 100000.000000;0.000000 100000.000000" # 0 0 0 D:\Proyecto_Lerma2007\Informacion_espacial\ArcHydro_Lerma\ArcHydroLerma.mdb\ArcHydro\HydroJunction</Process><Process Name="Append" ToolSource="C:\ArcGIS\ArcToolbox\Toolboxes\Data Management Tools.tbx\Append" Date="20080220" Time="132718">Append WrapJunction_Layer D:\Proyecto_Lerma2007\Informacion_espacial\ArcHydro_Lerma\ArcHydroLerma.mdb\ArcHydro\HydroJunction TEST D:\Proyecto_Lerma2007\Informacion_espacial\ArcHydro_Lerma\ArcHydroLerma.mdb\ArcHydro\HydroJunction</Process><Process Name="FeatureClassToFeatureClass_4" ToolSource="C:\ArcGIS\ArcToolbox\Toolboxes\Conversion Tools.tbx\FeatureClassToFeatureClass" Date="20080220" Time="132718">FeatureClassToFeatureClass D:\Proyecto_Lerma2007\Informacion_espacial\Regionalizacion_Lerma\Regionalización_Lerma.mdb\WrapHydro_LCH\WrapJunction D:\Proyecto_Lerma2007\Informacion_espacial\ArcHydro_Lerma\ArcHydroLerma.mdb\ArcHydro HydroJunction # "CVE_ESTAC CVE_ESTAC VISIBLE;NOMBRE NOMBRE VISIBLE;CORRIENTE CORRIENTE VISIBLE;LONGITUD LONGITUD VISIBLE;LATITUD LATITUD VISIBLE;CATEGORIA CATEGORIA VISIBLE;SIT_ACT SIT_ACT VISIBLE;TIPO TIPO VISIBLE;CVE_MUN CVE_MUN VISIBLE;CVE_RHID CVE_RHID VISIBLE;CVE_CUENCA CVE_CUENCA VISIBLE;CVE_SUBCUE CVE_SUBCUE VISIBLE;ALTITUD ALTITUD VISIBLE;ORIGEN ORIGEN VISIBLE;COOR_METOD COOR_METOD VISIBLE;COOR_DATUM COOR_DATUM VISIBLE;LON_GRA LON_GRA VISIBLE;LON_MIN LON_MIN VISIBLE;LON_SEG LON_SEG VISIBLE;LAT_GRA LAT_GRA VISIBLE;LAT_MIN LAT_MIN VISIBLE;LAT_SEG LAT_SEG VISIBLE;CLAVE CLAVE VISIBLE;X_CCL X_CCL VISIBLE;Y_CCL Y_CCL VISIBLE;WrapCode WrapCode VISIBLE;Enabled Enabled VISIBLE;HydroID HydroID VISIBLE;NextDownID NextDownID VISIBLE;LengthDown LengthDown VISIBLE;AvgCN AvgCN VISIBLE;AvgPr AvgPr VISIBLE;DrainArea DrainArea VISIBLE" SAME_AS_TEMPLATE SAME_AS_TEMPLATE # 0 D:\Proyecto_Lerma2007\Informacion_espacial\ArcHydro_Lerma\ArcHydroLerma.mdb\ArcHydro\HydroJunction</Process></lineage></DataProperties><ArcGISFormat>1.0</ArcGISFormat></Esri><idinfo><citation><citeinfo><onlink Sync="TRUE"></onlink></citeinfo></citation></idinfo><distInfo><distributor><distorTran><onLineSrc><linkage Sync="TRUE">file://</linkage><protocol Sync="TRUE">Local Area Network</protocol></onLineSrc></distorTran></distributor></distInfo><dataqual><lineage><procstep><procdesc Sync="TRUE">Dataset copied.</procdesc><srcused Sync="TRUE">\\OAXACA\G$\Proyectos$_GIA_2008\OrganismoCuenca_LermaChapala\ArcHydro_Lerma_Proyecto2007_Angeles\ArcHydroLerma.mdb</srcused><procdate Sync="TRUE">20110523</procdate><proctime Sync="TRUE">16505200</proctime></procstep><procstep><procdesc Sync="TRUE">Dataset copied.</procdesc><srcused Sync="TRUE"></srcused><procdate Sync="TRUE">20151001</procdate><proctime Sync="TRUE">17164500</proctime></procstep></lineage></dataqual></metadata>
