<?xml version="1.0" encoding="UTF-8"?>
<metadata xml:lang="es"><Esri><CreaDate>20180702</CreaDate><CreaTime>23131300</CreaTime><ArcGISFormat>1.0</ArcGISFormat><SyncOnce>FALSE</SyncOnce><DataProperties><itemProps><itemName Sync="TRUE">Rios Principales UTM</itemName><imsContentType Sync="TRUE">002</imsContentType><itemSize Sync="TRUE">0.000</itemSize><itemLocation><linkage Sync="TRUE">file://\\RUPERTO-PC\C$\Respaldo MacBook Pro17 Junio2016\Lerma 2016\Preliminares 2016\Rios Principales UTM.shp</linkage><protocol Sync="TRUE">Local Area Network</protocol></itemLocation></itemProps><coordRef><type Sync="TRUE">Projected</type><geogcsn Sync="TRUE">GCS_North_American_1983</geogcsn><csUnits Sync="TRUE">Linear Unit: Meter (1.000000)</csUnits><projcsn Sync="TRUE">CCL_MEX_GRS80</projcsn><peXml Sync="TRUE">&lt;ProjectedCoordinateSystem xsi:type='typens:ProjectedCoordinateSystem' xmlns:xsi='http://www.w3.org/2001/XMLSchema-instance' xmlns:xs='http://www.w3.org/2001/XMLSchema' xmlns:typens='http://www.esri.com/schemas/ArcGIS/10.3'&gt;&lt;WKT&gt;PROJCS[&amp;quot;CCL_MEX_GRS80&amp;quot;,GEOGCS[&amp;quot;GCS_North_American_1983&amp;quot;,DATUM[&amp;quot;D_North_American_1983&amp;quot;,SPHEROID[&amp;quot;GRS_1980&amp;quot;,6378137.0,298.257222101]],PRIMEM[&amp;quot;Greenwich&amp;quot;,0.0],UNIT[&amp;quot;Degree&amp;quot;,0.0174532925199433]],PROJECTION[&amp;quot;Lambert_Conformal_Conic&amp;quot;],PARAMETER[&amp;quot;False_Easting&amp;quot;,2500000.0],PARAMETER[&amp;quot;False_Northing&amp;quot;,0.0],PARAMETER[&amp;quot;Central_Meridian&amp;quot;,-102.0],PARAMETER[&amp;quot;Standard_Parallel_1&amp;quot;,17.5],PARAMETER[&amp;quot;Standard_Parallel_2&amp;quot;,29.5],PARAMETER[&amp;quot;Scale_Factor&amp;quot;,1.0],PARAMETER[&amp;quot;Latitude_Of_Origin&amp;quot;,12.0],UNIT[&amp;quot;Meter&amp;quot;,1.0]]&lt;/WKT&gt;&lt;XOrigin&gt;-37031600&lt;/XOrigin&gt;&lt;YOrigin&gt;-25743800&lt;/YOrigin&gt;&lt;XYScale&gt;113924041.20679393&lt;/XYScale&gt;&lt;ZOrigin&gt;-100000&lt;/ZOrigin&gt;&lt;ZScale&gt;10000&lt;/ZScale&gt;&lt;MOrigin&gt;-100000&lt;/MOrigin&gt;&lt;MScale&gt;10000&lt;/MScale&gt;&lt;XYTolerance&gt;0.001&lt;/XYTolerance&gt;&lt;ZTolerance&gt;0.001&lt;/ZTolerance&gt;&lt;MTolerance&gt;0.001&lt;/MTolerance&gt;&lt;HighPrecision&gt;true&lt;/HighPrecision&gt;&lt;/ProjectedCoordinateSystem&gt;</peXml></coordRef><lineage><Process ToolSource="c:\program files (x86)\arcgis\desktop10.3\ArcToolbox\Toolboxes\Data Management Tools.tbx\Merge" Date="20160906" Time="221353">Merge Tributarios1;Tributarios2;Tributarios3;Tributarios4;Tributarios5;Tributarios6 "C:\Respaldo MacBook Pro17 Junio2016\Lerma 2016\Preliminares 2016\TributariosFinales.shp" "FNODE_ "FNODE_" true true false 11 Double 0 11 ,First,#,Tributarios1,FNODE_,-1,-1,Tributarios2,FNODE_,-1,-1,Tributarios3,FNODE_,-1,-1,Tributarios4,FNODE_,-1,-1,Tributarios5,FNODE_,-1,-1,Tributarios6,FNODE_,-1,-1;TNODE_ "TNODE_" true true false 11 Double 0 11 ,First,#,Tributarios1,TNODE_,-1,-1,Tributarios2,TNODE_,-1,-1,Tributarios3,TNODE_,-1,-1,Tributarios4,TNODE_,-1,-1,Tributarios5,TNODE_,-1,-1,Tributarios6,TNODE_,-1,-1;LENGTH "LENGTH" true true false 15 Double 3 14 ,First,#,Tributarios1,LENGTH,-1,-1,Tributarios2,LENGTH,-1,-1,Tributarios3,LENGTH,-1,-1,Tributarios4,LENGTH,-1,-1,Tributarios5,LENGTH,-1,-1,Tributarios6,LENGTH,-1,-1;REDHIDRO_ "REDHIDRO_" true true false 4 Short 0 4 ,First,#,Tributarios1,REDHIDRO_,-1,-1,Tributarios2,REDHIDRO_,-1,-1,Tributarios3,REDHIDRO_,-1,-1,Tributarios4,REDHIDRO_,-1,-1,Tributarios5,REDHIDRO_,-1,-1,Tributarios6,REDHIDRO_,-1,-1;REDHIDRO_I "REDHIDRO_I" true true false 4 Short 0 4 ,First,#,Tributarios1,REDHIDRO_I,-1,-1,Tributarios2,REDHIDRO_I,-1,-1,Tributarios3,REDHIDRO_I,-1,-1,Tributarios4,REDHIDRO_I,-1,-1,Tributarios5,REDHIDRO_I,-1,-1,Tributarios6,REDHIDRO_I,-1,-1;FC "FC" true true false 5 Short 0 5 ,First,#,Tributarios1,FC,-1,-1,Tributarios2,FC,-1,-1,Tributarios3,FC,-1,-1,Tributarios4,FC,-1,-1,Tributarios5,FC,-1,-1,Tributarios6,FC,-1,-1;NOMBRE "NOMBRE" true true false 42 Text 0 0 ,First,#,Tributarios1,NOMBRE,-1,-1,Tributarios2,NOMBRE,-1,-1,Tributarios3,NOMBRE,-1,-1,Tributarios4,NOMBRE,-1,-1,Tributarios5,NOMBRE,-1,-1,Tributarios6,NOMBRE,-1,-1;ORDEN "ORDEN" true true false 3 Short 0 3 ,First,#,Tributarios1,ORDEN,-1,-1,Tributarios2,ORDEN,-1,-1,Tributarios3,ORDEN,-1,-1,Tributarios4,ORDEN,-1,-1,Tributarios5,ORDEN,-1,-1,Tributarios6,ORDEN,-1,-1;C_DESAPA "C_DESAPA" true true false 18 Text 0 0 ,First,#,Tributarios1,C_DESAPA,-1,-1,Tributarios2,C_DESAPA,-1,-1,Tributarios3,C_DESAPA,-1,-1,Tributarios4,C_DESAPA,-1,-1,Tributarios5,C_DESAPA,-1,-1,Tributarios6,C_DESAPA,-1,-1;TIPO "TIPO" true true false 7 Text 0 0 ,First,#,Tributarios1,TIPO,-1,-1,Tributarios2,TIPO,-1,-1,Tributarios3,TIPO,-1,-1,Tributarios4,TIPO,-1,-1,Tributarios5,TIPO,-1,-1,Tributarios6,TIPO,-1,-1"</Process><Process ToolSource="c:\program files (x86)\arcgis\desktop10.3\ArcToolbox\Toolboxes\Data Management Tools.tbx\Merge" Date="20160906" Time="225205">Merge TributariosModificados;'Rios_principales PC' "C:\Respaldo MacBook Pro17 Junio2016\Lerma 2016\Preliminares 2016\Rios Principales UTM.shp" "FNODE_ "FNODE_" true true false 11 Double 0 11 ,First,#,TributariosModificados,FNODE_,-1,-1;TNODE_ "TNODE_" true true false 11 Double 0 11 ,First,#,TributariosModificados,TNODE_,-1,-1;LENGTH "LENGTH" true true false 15 Double 3 14 ,First,#,TributariosModificados,LENGTH,-1,-1;REDHIDRO_ "REDHIDRO_" true true false 4 Short 0 4 ,First,#,TributariosModificados,REDHIDRO_,-1,-1;REDHIDRO_I "REDHIDRO_I" true true false 4 Short 0 4 ,First,#,TributariosModificados,REDHIDRO_I,-1,-1;FC "FC" true true false 5 Short 0 5 ,First,#,TributariosModificados,FC,-1,-1;NOMBRE "NOMBRE" true true false 42 Text 0 0 ,First,#,TributariosModificados,NOMBRE,-1,-1;ORDEN "ORDEN" true true false 3 Short 0 3 ,First,#,TributariosModificados,ORDEN,-1,-1;C_DESAPA "C_DESAPA" true true false 18 Text 0 0 ,First,#,TributariosModificados,C_DESAPA,-1,-1;TIPO "TIPO" true true false 7 Text 0 0 ,First,#,TributariosModificados,TIPO,-1,-1;OBJECTID "OBJECTID" true true false 9 Long 0 9 ,First,#,Rios_principales PC,OBJECTID,-1,-1;Nombre_Rio "Nombre_Rio" true true false 42 Text 0 0 ,First,#,Rios_principales PC,Nombre_Rio,-1,-1;id_cuenca_ "id_cuenca_" true true false 4 Short 0 4 ,First,#,Rios_principales PC,id_cuenca_,-1,-1;Shape_Leng "Shape_Leng" true true false 19 Double 0 0 ,First,#,Rios_principales PC,Shape_Leng,-1,-1"</Process></lineage></DataProperties><SyncDate>20160906</SyncDate><SyncTime>22520400</SyncTime><ModDate>20160906</ModDate><ModTime>22520400</ModTime></Esri><dataIdInfo><envirDesc Sync="TRUE">Microsoft Windows 7 Version 6.1 (Build 7600) ; Esri ArcGIS 10.3.0.4322</envirDesc><dataLang><languageCode value="spa" Sync="TRUE"></languageCode><countryCode value="MEX" Sync="TRUE"></countryCode></dataLang><idCitation><resTitle Sync="TRUE">Rios Principales UTM</resTitle><presForm><PresFormCd value="005" Sync="TRUE"></PresFormCd></presForm></idCitation><spatRpType><SpatRepTypCd value="001" Sync="TRUE"></SpatRepTypCd></spatRpType></dataIdInfo><mdLang><languageCode value="spa" Sync="TRUE"></languageCode><countryCode value="MEX" Sync="TRUE"></countryCode></mdLang><mdChar><CharSetCd value="004" Sync="TRUE"></CharSetCd></mdChar><distInfo><distFormat><formatName Sync="TRUE">Shapefile</formatName></distFormat><distTranOps><transSize Sync="TRUE">0.000</transSize></distTranOps></distInfo><mdHrLv><ScopeCd value="005" Sync="TRUE"></ScopeCd></mdHrLv><mdHrLvName Sync="TRUE">dataset</mdHrLvName><refSysInfo><RefSystem><refSysID><identCode code="0" Sync="TRUE"></identCode></refSysID></RefSystem></refSysInfo><spatRepInfo><VectSpatRep><geometObjs Name="Rios Principales UTM"><geoObjTyp><GeoObjTypCd value="002" Sync="TRUE"></GeoObjTypCd></geoObjTyp><geoObjCnt Sync="TRUE">0</geoObjCnt></geometObjs><topLvl><TopoLevCd value="001" Sync="TRUE"></TopoLevCd></topLvl></VectSpatRep></spatRepInfo><spdoinfo><ptvctinf><esriterm Name="Rios Principales UTM"><efeatyp Sync="TRUE">Simple</efeatyp><efeageom code="3" Sync="TRUE"></efeageom><esritopo Sync="TRUE">FALSE</esritopo><efeacnt Sync="TRUE">0</efeacnt><spindex Sync="TRUE">FALSE</spindex><linrefer Sync="TRUE">FALSE</linrefer></esriterm></ptvctinf></spdoinfo><eainfo><detailed Name="Rios Principales UTM"><enttyp><enttypl Sync="TRUE">Rios Principales UTM</enttypl><enttypt Sync="TRUE">Feature Class</enttypt><enttypc Sync="TRUE">0</enttypc></enttyp><attr><attrlabl Sync="TRUE">FID</attrlabl><attalias Sync="TRUE">FID</attalias><attrtype Sync="TRUE">OID</attrtype><attwidth Sync="TRUE">4</attwidth><atprecis Sync="TRUE">0</atprecis><attscale Sync="TRUE">0</attscale><attrdef Sync="TRUE">Internal feature number.</attrdef><attrdefs Sync="TRUE">Esri</attrdefs><attrdomv><udom Sync="TRUE">Sequential unique whole numbers that are automatically generated.</udom></attrdomv></attr><attr><attrlabl Sync="TRUE">Shape</attrlabl><attalias Sync="TRUE">Shape</attalias><attrtype Sync="TRUE">Geometry</attrtype><attwidth Sync="TRUE">0</attwidth><atprecis Sync="TRUE">0</atprecis><attscale Sync="TRUE">0</attscale><attrdef Sync="TRUE">Feature geometry.</attrdef><attrdefs Sync="TRUE">Esri</attrdefs><attrdomv><udom Sync="TRUE">Coordinates defining the features.</udom></attrdomv></attr><attr><attrlabl Sync="TRUE">FNODE_</attrlabl><attalias Sync="TRUE">FNODE_</attalias><attrtype Sync="TRUE">Double</attrtype><attwidth Sync="TRUE">11</attwidth><atprecis Sync="TRUE">11</atprecis><attscale Sync="TRUE">0</attscale></attr><attr><attrlabl Sync="TRUE">TNODE_</attrlabl><attalias Sync="TRUE">TNODE_</attalias><attrtype Sync="TRUE">Double</attrtype><attwidth Sync="TRUE">11</attwidth><atprecis Sync="TRUE">11</atprecis><attscale Sync="TRUE">0</attscale></attr><attr><attrlabl Sync="TRUE">LENGTH</attrlabl><attalias Sync="TRUE">LENGTH</attalias><attrtype Sync="TRUE">Double</attrtype><attwidth Sync="TRUE">15</attwidth><atprecis Sync="TRUE">14</atprecis><attscale Sync="TRUE">3</attscale></attr><attr><attrlabl Sync="TRUE">REDHIDRO_</attrlabl><attalias Sync="TRUE">REDHIDRO_</attalias><attrtype Sync="TRUE">SmallInteger</attrtype><attwidth Sync="TRUE">4</attwidth><atprecis Sync="TRUE">4</atprecis><attscale Sync="TRUE">0</attscale></attr><attr><attrlabl Sync="TRUE">REDHIDRO_I</attrlabl><attalias Sync="TRUE">REDHIDRO_I</attalias><attrtype Sync="TRUE">SmallInteger</attrtype><attwidth Sync="TRUE">4</attwidth><atprecis Sync="TRUE">4</atprecis><attscale Sync="TRUE">0</attscale></attr><attr><attrlabl Sync="TRUE">FC</attrlabl><attalias Sync="TRUE">FC</attalias><attrtype Sync="TRUE">SmallInteger</attrtype><attwidth Sync="TRUE">5</attwidth><atprecis Sync="TRUE">5</atprecis><attscale Sync="TRUE">0</attscale></attr><attr><attrlabl Sync="TRUE">NOMBRE</attrlabl><attalias Sync="TRUE">NOMBRE</attalias><attrtype Sync="TRUE">String</attrtype><attwidth Sync="TRUE">42</attwidth><atprecis Sync="TRUE">0</atprecis><attscale Sync="TRUE">0</attscale></attr><attr><attrlabl Sync="TRUE">ORDEN</attrlabl><attalias Sync="TRUE">ORDEN</attalias><attrtype Sync="TRUE">SmallInteger</attrtype><attwidth Sync="TRUE">3</attwidth><atprecis Sync="TRUE">3</atprecis><attscale Sync="TRUE">0</attscale></attr><attr><attrlabl Sync="TRUE">C_DESAPA</attrlabl><attalias Sync="TRUE">C_DESAPA</attalias><attrtype Sync="TRUE">String</attrtype><attwidth Sync="TRUE">18</attwidth><atprecis Sync="TRUE">0</atprecis><attscale Sync="TRUE">0</attscale></attr><attr><attrlabl Sync="TRUE">TIPO</attrlabl><attalias Sync="TRUE">TIPO</attalias><attrtype Sync="TRUE">String</attrtype><attwidth Sync="TRUE">7</attwidth><atprecis Sync="TRUE">0</atprecis><attscale Sync="TRUE">0</attscale></attr><attr><attrlabl Sync="TRUE">OBJECTID</attrlabl><attalias Sync="TRUE">OBJECTID</attalias><attrtype Sync="TRUE">Integer</attrtype><attwidth Sync="TRUE">9</attwidth><atprecis Sync="TRUE">9</atprecis><attscale Sync="TRUE">0</attscale></attr><attr><attrlabl Sync="TRUE">Nombre_Rio</attrlabl><attalias Sync="TRUE">Nombre_Rio</attalias><attrtype Sync="TRUE">String</attrtype><attwidth Sync="TRUE">42</attwidth><atprecis Sync="TRUE">0</atprecis><attscale Sync="TRUE">0</attscale></attr><attr><attrlabl Sync="TRUE">id_cuenca_</attrlabl><attalias Sync="TRUE">id_cuenca_</attalias><attrtype Sync="TRUE">SmallInteger</attrtype><attwidth Sync="TRUE">4</attwidth><atprecis Sync="TRUE">4</atprecis><attscale Sync="TRUE">0</attscale></attr><attr><attrlabl Sync="TRUE">Shape_Leng</attrlabl><attalias Sync="TRUE">Shape_Leng</attalias><attrtype Sync="TRUE">Double</attrtype><attwidth Sync="TRUE">19</attwidth><atprecis Sync="TRUE">0</atprecis><attscale Sync="TRUE">0</attscale></attr></detailed></eainfo><mdDateSt Sync="TRUE">20160906</mdDateSt></metadata>
